name,age,address
kou,31,yamaguchi
kou,31,yamaguchi
kou,31,yamaguchi
kou,31,yamaguchi
kou,31,yamaguchi
kou,31,yamaguchi
kou,31,yamaguchi
kou,31,yamaguchi
kou,31,yamaguchi
kou,31,yamaguchi
kou,31,yamaguchi
kou,31,yamaguchi
kou,31,yamaguchi
kou,31,yamaguchi
kou,31,yamaguchi
kou,31,yamaguchi
kou,31,yamaguchi
kou,31,yamaguchi
kou,31,yamaguchi
kou,31,yamaguchi
kou,31,yamaguchi
kou,31,yamaguchi
kou,31,yamaguchi
kou,31,yamaguchi
kou,31,yamaguchi
kou,31,yamaguchi
kou,31,yamaguchi
kou,31,yamaguchi
kou,31,yamaguchi
kou,31,yamaguchi
kou,31,yamaguchi
kou,31,yamaguchi
kou,31,yamaguchi
kou,31,yamaguchi
kou,31,yamaguchi
kou,31,yamaguchi
kou,31,yamaguchi
kou,31,yamaguchi
kou,31,yamaguchi
kou,31,yamaguchi
kou,31,yamaguchi
kou,31,yamaguchi
kou,31,yamaguchi
kou,31,yamaguchi
kou,31,yamaguchi
kou,31,yamaguchi
kou,31,yamaguchi
kou,31,yamaguchi
kou,31,yamaguchi
kou,31,yamaguchi
kou,31,yamaguchi
kou,31,yamaguchi
kou,31,yamaguchi
kou,31,yamaguchi
kou,31,yamaguchi
kou,31,yamaguchi
kou,31,yamaguchi
kou,31,yamaguchi
kou,31,yamaguchi
kou,31,yamaguchi
kou,31,yamaguchi
kou,31,yamaguchi
kou,31,yamaguchi
kou,31,yamaguchi
kou,31,yamaguchi
kou,31,yamaguchi
kou,31,yamaguchi
kou,31,yamaguchi
kou,31,yamaguchi
kou,31,yamaguchi
kou,31,yamaguchi
kou,31,yamaguchi
kou,31,yamaguchi
kou,31,yamaguchi
kou,31,yamaguchi
kou,31,yamaguchi
kou,31,yamaguchi
kou,31,yamaguchi
kou,31,yamaguchi
kou,31,yamaguchi
kou,31,yamaguchi
kou,31,yamaguchi
kou,31,yamaguchi
kou,31,yamaguchi
kou,31,yamaguchi
kou,31,yamaguchi
kou,31,yamaguchi
kou,31,yamaguchi
kou,31,yamaguchi
kou,31,yamaguchi
kou,31,yamaguchi
kou,31,yamaguchi
kou,31,yamaguchi
kou,31,yamaguchi
kou,31,yamaguchi
kou,31,yamaguchi
kou,31,yamaguchi
kou,31,yamaguchi
kou,31,yamaguchi
kou,31,yamaguchi
kou,31,yamaguchi
kou,31,yamaguchi
kou,31,yamaguchi
kou,31,yamaguchi
kou,31,yamaguchi
kou,31,yamaguchi
kou,31,yamaguchi
kou,31,yamaguchi
